{"timeStamp": "2019-02-17 23:28:29.888160", "sampleCount": 12, "curValue": 27.128815213587213, "totalValue": 228.703513344901, "minValue": 11.50840750128696, "maxValue": 27.128815213587213, "avgValue": 19.058626112075086}